icmp_seq,time,mean_period5,mean_period10,mean_period20,StdDev_period5,StdDev_period10,StdDev_period20
1,70.8,,,,,,
2,58.3,,,,,,
3,54.9,,,,,,
4,65.2,,,,,,
5,68.9,63.62,,,6.8240017585,,
6,58.0,61.06,,,5.77780235038,,
7,56.3,60.66,,,6.07807535327,,
9,84.8,66.64,,,11.3856488616,,
10,95.4,72.68,,,17.0381043547,,
11,116,82.1,72.86,,25.396062687,20.0551572752,
12,80.2,86.54,73.8,,21.8178367397,20.1678512049,
13,66.6,88.6,74.63,,18.4797186126,19.6224955939,
14,59.5,83.54,75.09,,22.7505604327,19.156980161,
15,60.6,76.58,74.63,,23.5251354938,19.4734605724,
16,69.0,67.18,74.64,,8.29831308158,19.4702165713,
17,67.1,64.56,75.55,,4.231193685,18.8074601038,
18,76.4,66.52,77.56,,6.86345394098,17.5538663041,
19,56.4,65.9,74.72,,7.74015503721,18.5230067154,
20,54.5,64.68,70.63,,9.13876359252,17.9561843262,
21,59.9,62.86,65.02,68.94,8.96788715362,8.45771179982,15.5106211488
22,58.0,61.04,62.8,68.3,8.8143632782,6.77708557485,15.6928411436
24,61.3,58.02,62.27,68.45,2.70684317979,6.65299431334,15.6063246289
25,82.7,63.28,64.59,69.84,11.1517711598,9.15453136127,15.5739458543
26,93.1,71.0,67.84,71.235,15.9028299368,12.6733491145,16.3658590396
27,79.9,75.0,68.93,71.785,14.8963082675,13.2402626694,16.4677763494
28,71.4,77.68,69.36,72.455,11.996332773,13.2440510754,16.146874392
29,70.8,79.58,68.8,73.18,9.17371244372,13.0299654643,15.7027520216
30,57.2,74.48,68.88,71.8,13.2070814338,12.9475694845,15.8399893674
31,54.2,66.7,68.85,69.74,10.7196082018,12.9848843746,15.2783438066
32,59.6,62.64,68.82,66.92,7.9591456828,13.0081854572,10.8552970334
33,57.3,59.82,68.75,65.775,6.43055207583,13.0745936839,10.5851870182
34,56.6,56.98,68.28,65.275,1.92924855838,13.4512122543,10.7785789025
35,60.2,57.58,66.03,65.31,2.41909073827,12.6277516253,10.7599598904
36,56.0,57.94,62.32,65.08,1.85956984273,8.59790672199,10.9139987365
37,56.4,57.3,59.97,64.45,1.68819430161,6.11083736761,11.038759465
39,66.1,59.06,59.44,64.4,4.28228910748,5.16617201933,11.028384431
40,95.6,66.86,61.92,65.36,16.5700935423,12.2800470502,12.8183421212
41,65.9,68.0,62.79,65.835,16.1890395021,12.2165143237,12.6436701451
42,72.4,71.28,64.61,66.73,14.7471014101,12.1501211699,12.4308233203
43,59.0,71.8,64.55,66.685,14.1239158876,12.1790576173,12.4584477786
44,64.8,71.54,65.3,67.025,14.2663239834,11.9109660024,12.3007434521
45,57.7,63.96,65.41,66.845,5.90533656958,11.8264721893,12.4147397539
46,55.5,61.88,64.94,65.485,6.81300227506,12.1456164932,12.0715531203
47,71.7,61.74,66.51,64.415,6.54469250615,11.8732612762,10.3157148896
48,62.7,62.48,67.14,63.555,6.36411816358,11.4363164233,9.65245946297
49,70.2,63.56,67.55,63.495,7.25244786262,11.4683380565,9.60473978387
50,59.9,64.0,63.98,62.95,6.86440092069,6.03670255833,9.47681381056
51,58.1,64.52,63.2,62.995,6.11735236847,6.26081286877,9.45017265228
52,56.2,61.42,61.58,63.095,5.46141007433,5.68522451428,9.36238133225
54,65.5,61.98,62.23,63.39,5.76081591443,5.72888393242,9.33938462979
55,124,72.74,68.15,66.725,28.8650827125,20.4228766066,16.3373925318
56,62.7,73.3,68.65,67.03,28.5794506595,20.1985835587,16.1947392368
57,52.8,72.24,68.38,66.66,29.3714657448,20.4108250146,16.4416480157
58,60.2,73.04,67.23,66.87,28.8756471789,20.5266249864,16.3247342205
59,83.4,76.62,69.3,68.22,28.816696549,21.0559571935,16.5284634877
60,78.7,67.56,70.15,68.85,12.9484748137,21.2668364675,16.682814984
61,57.6,66.54,69.92,66.95,13.610951473,21.4020144431,15.6050093172
62,56.2,67.22,69.73,66.465,12.814523011,21.5266785382,15.7890126687
63,59.8,67.14,70.09,65.835,12.8704312282,21.3042223254,15.7911125904
64,56.8,61.82,69.22,65.725,9.53425403479,21.6866984322,15.8487879331
65,61.5,58.38,62.97,65.56,2.21404606998,10.005226412,15.8760793251
66,54.9,57.84,62.19,65.42,2.72268250077,10.3274660762,15.9611567975
67,54.2,57.44,62.33,65.355,3.13894886865,10.1946663615,16.0062643987
69,85.6,62.6,64.87,66.05,13.1690926035,12.5069802733,16.5874873577
70,81.8,67.6,64.71,67.005,15.0308017085,12.2512085572,16.9307404943
71,91.7,73.64,66.01,68.08,17.7826600935,14.4016549975,17.8043046244
72,87.0,80.06,68.95,69.435,14.8838167148,15.456336349,18.176337278
73,66.4,82.5,69.97,69.85,9.6721248958,14.845953433,17.9977922623
74,60.0,77.38,69.99,70.04,13.5993382192,14.8308574713,17.8656801246
75,53.6,71.74,69.67,69.445,16.7829675564,15.1775455489,18.2194943312
76,57.5,64.9,69.27,66.12,13.2015150646,15.4667420975,13.0834809468
77,55.4,58.58,69.32,65.755,4.98116452248,15.4158504288,13.2842001522
78,72.1,59.72,71.11,66.72,7.32099719984,14.4756845933,12.9913574511
79,71.0,61.92,69.65,67.26,8.90713197387,13.5591092792,12.9303966642
80,70.6,65.32,68.53,66.62,8.1496625697,12.8900521506,12.3951858227
81,68.2,67.46,66.18,66.095,6.89042814345,10.0189598041,12.0748313707
82,101,76.58,67.58,68.265,13.7252322385,13.5923834881,14.1834698078
83,132,88.56,74.14,72.055,27.7814326484,24.4517302274,19.8037071224
84,59.5,86.26,74.09,72.04,29.987130573,24.4843464733,19.8135891698
85,55.5,83.24,74.28,71.975,32.6046469081,24.314458433,19.8682734397
86,59.0,81.4,74.43,71.85,33.8994837719,24.2038128309,19.9453595711
87,57.3,72.66,74.62,71.97,33.2092306445,24.0447638098,19.8449808052
88,63.7,59.0,73.78,72.445,3.061045573,24.2880766358,19.5080948111
89,77.8,62.66,74.46,72.055,8.99572120511,24.2967853383,19.3082059185
90,69.7,65.5,74.37,71.45,8.39136460893,24.3143327644,19.1759031901
91,57.2,65.14,73.27,69.725,8.77000570125,24.8670263602,18.8066022841
92,72.9,68.26,70.46,69.02,8.02701688051,22.8947931975,18.3844785793
93,53.9,66.3,62.65,68.395,10.2949016508,8.12844798634,18.688202724
94,56.0,61.94,62.3,68.195,8.69959769185,8.35144698041,18.8038203005
95,59.2,59.84,62.67,68.475,7.54937083471,8.09472393325,18.615807516
96,55.7,59.54,62.34,68.385,7.70863152576,8.32495578901,18.6759139845
97,64.3,57.82,63.04,68.83,4.09475273979,8.14646480928,18.4549551184
98,163,79.64,72.97,73.375,46.7278610681,32.6646274874,28.0181120931
99,69.1,82.26,72.1,73.28,45.4199625715,32.6375380335,28.0298074425
100,61.2,82.66,71.25,72.81,45.1742515157,32.817178767,28.1556369975
101,54.6,82.44,70.99,72.13,45.340743267,32.9508876967,28.4356725555
102,59.4,81.46,69.64,70.05,45.8805841288,33.1399456849,27.7253541575
103,57.8,60.42,70.03,66.34,5.42512672663,32.956572435,23.6667521619
104,62.6,59.12,70.69,66.495,3.10998392279,32.7095449882,23.6297198014
105,65.4,59.96,71.31,66.99,4.19141980718,32.5258000158,23.490555773
106,58.9,60.82,71.63,66.985,3.12121771109,32.3705301505,23.4923565397
107,57.4,60.42,70.94,66.99,3.45861243854,32.616737353,23.4901972836
108,52.8,59.42,59.92,66.445,4.84891740495,4.87938976148,23.6960906169
109,56.4,58.18,58.65,65.375,4.61974025244,3.74558999951,23.6394602085
110,62.3,57.56,58.76,65.005,3.47462228163,3.84366723036,23.6261112242
111,53.9,56.56,58.69,64.84,3.70445677529,3.93317796303,23.6949117345
112,56.7,56.42,58.42,64.03,3.67790701351,3.9715096486,23.6817740267
113,93.8,64.62,62.02,66.025,16.5987047687,11.8495944609,24.4516036499
114,55.8,64.5,61.34,66.015,16.6749812594,12.0066833241,24.4559598807
115,54.4,62.92,60.24,65.775,17.2981790949,12.0969417623,24.549732017
116,73.4,66.82,61.69,66.66,16.9508701842,12.7688379355,24.4863742991
117,61.8,67.84,62.13,66.535,16.3318094527,12.680084998,24.505429581
118,59.1,60.9,62.76,61.34,7.55910047559,12.3163125795,9.2333149661
119,64.5,62.64,63.57,61.11,7.07764084989,12.1162929791,9.08595793403
120,62.5,64.26,63.59,61.175,5.46287470111,12.1141285742,9.09128414298
121,53.5,60.28,63.55,61.12,4.25464452099,12.1502857762,9.13637034921
122,64.3,60.78,64.31,61.365,4.609989154,11.9095153367,9.15350234955
123,56.1,60.18,60.54,61.28,5.0568765063,6.07493941442,9.19614335641
125,56.0,58.48,60.56,60.95,4.65424537385,6.05790576208,9.26444817569
126,66.7,59.32,61.79,61.015,5.79931030382,5.91522517652,9.30179807179
127,57.3,60.08,60.18,60.935,5.04598850573,4.40146440277,9.3277895503
128,108,68.82,64.8,63.465,22.3518903004,15.7939510221,14.0070386442
129,64.1,70.42,65.3,64.03,21.4831794667,15.6721267081,13.7802719399
130,61.2,71.46,64.97,64.27,20.7230065386,15.7254959293,13.6818396732
131,221,102.32,80.82,72.205,69.4543519155,51.696395748,37.597444972
132,75.8,106.02,83.05,73.3,66.9023317979,50.8611890891,37.3543909911
133,56.4,95.7,82.26,73.285,70.4084511973,51.2446896978,37.3614672737
134,67.7,96.42,83.42,71.98,70.0218680128,50.7152793106,37.0618061309
135,60.7,96.32,83.89,72.225,70.0850697367,50.4540373894,36.9652877711
136,59.1,63.94,83.13,72.46,7.83536852994,50.79781382,36.8607964617
137,57.8,60.34,83.18,71.68,4.41055552057,50.7698029235,37.0046312891
138,65.4,62.14,78.92,71.86,4.23355642457,50.2402848541,36.9627750154
139,66.9,61.98,79.2,72.25,3.97831622675,50.1562447646,36.8620686514
140,57.9,61.42,78.87,71.92,4.3802967936,50.2984879384,36.9645007513
141,55.2,60.64,62.29,71.555,5.17233022921,6.49622967574,37.0982121147
142,54.0,59.88,60.11,71.58,5.91920602784,4.92712447129,37.0855710344
143,69.8,60.76,61.45,71.855,7.1451382072,5.5843531407,37.0491206657
144,58.1,59.0,60.49,71.955,6.2868911236,5.20265957628,37.0070331153
145,56.5,58.72,60.07,71.98,6.37863621788,5.35123038811,36.9958546753
146,60.4,59.76,60.2,71.665,6.07807535327,5.3408280673,37.0699236153
147,85.9,66.14,63.01,73.095,12.1898728459,9.61762849032,37.0382373543
148,54.3,63.04,61.9,70.41,12.9722010469,9.94607683685,36.3140526663
149,58.2,63.06,61.03,70.115,12.9627543369,9.84005984625,36.3918914479
150,61.4,64.04,61.38,70.125,12.5205031848,9.77841159562,36.3893401829
151,55.4,63.04,61.4,61.845,13.0714574551,9.76456177545,8.08471429694
152,74.1,60.68,63.41,61.76,7.98980600515,10.1338212602,7.93787721855
153,61.9,62.2,62.62,62.035,7.15157325349,9.88520780426,7.83704260816
154,56.5,61.86,62.46,61.475,7.42448651423,9.97900017258,7.81104986542
155,56.3,60.84,62.44,61.255,7.8420660543,9.99246382697,7.89553338087
156,57.6,61.28,62.16,61.18,7.51545075162,10.0946850702,7.92415361577
157,58.9,58.24,59.46,61.235,2.29303292606,5.68881944402,7.9032488323
158,76.1,61.08,61.64,61.77,8.46002364063,7.40873358499,8.53679959753
159,75.6,64.9,63.38,62.205,10.0396713094,8.47726370948,9.01994719322
160,63.8,66.4,63.62,62.5,8.93280471073,8.44890525453,8.96807202187
161,57.9,66.46,63.87,62.635,8.85962753167,8.21232813113,8.872208234
162,57.6,66.2,62.22,62.815,9.1512294256,7.56024690955,8.72306531106
163,64.2,63.82,62.45,62.535,7.29122760583,7.58437721753,8.57568625457
164,55.6,59.82,62.36,62.41,3.91943873533,7.66771007393,8.6615241153
165,56.4,58.34,62.37,62.405,3.40411515669,7.65898890919,8.66514342214
166,67.8,60.32,63.39,62.775,5.38627886393,7.63230706347,8.73274991355
167,65.2,61.84,64.02,61.74,5.49799963623,7.47897794562,6.87730057202
168,57.7,60.54,62.18,61.91,5.56848273769,6.35588965711,6.72402604961
169,56.7,60.76,60.29,61.835,5.34162896503,4.44458472001,6.77575204604
170,66.6,62.8,60.57,62.095,5.2062462485,4.76679487007,6.85745656394
171,57.7,60.78,60.55,62.21,4.71773250619,4.77964433823,6.75783366098
172,60.7,59.88,60.86,61.54,4.04499690976,4.66623807556,6.1542796406
173,54.6,59.26,59.9,61.175,4.65435280141,4.8851248136,6.34531530468
174,59.9,59.9,60.33,61.345,4.42888247756,4.64807008935,6.25842379686
175,76.6,61.9,62.35,62.36,8.55073096291,6.69083120563,6.9994285481
176,64.5,63.26,62.02,62.705,8.2512423307,6.46989610083,6.92208327327
177,60.1,63.14,61.51,62.765,8.30198771379,6.39191329381,6.89250355554
178,52.9,62.8,61.03,61.605,8.76127844552,6.8720124822,6.46939963049
179,52.5,61.32,60.61,60.45,9.92179419258,7.28216237727,5.87398367469
180,59.1,57.82,59.86,60.215,5.0982349887,6.97650023691,5.82673285723
181,69.5,58.82,61.04,60.795,6.90593947266,7.54530022965,6.15240432249
182,55.5,57.9,60.52,60.69,6.99857128277,7.74780255585,6.22726602172
183,63.4,60.0,61.4,60.65,6.69178600973,7.49636949166,6.20606664143
184,74.2,64.34,62.83,61.58,7.58834632842,8.47808285457,6.77686466862
185,65.8,65.68,61.75,62.05,7.00049998214,7.10590521249,6.7244643692
186,57.1,63.2,61.01,61.515,7.48832424512,7.17270288432,6.66832852094
187,70.5,66.2,62.05,61.78,6.58217289351,7.75632358502,6.92292910324
188,57.4,65.0,62.5,61.765,7.67626211121,7.28255144545,6.93255288286
189,56.0,61.36,62.85,61.73,6.43840042247,6.81782793694,6.96117806122
190,58.1,59.82,62.75,61.305,6.01805616458,6.88593574695,6.90746926008
191,60.0,60.4,61.8,61.42,5.82709189905,6.4954685059,6.86329673738
192,67.4,59.78,62.99,61.755,4.4968878127,6.30016754627,6.98867316674
193,57.1,59.72,62.36,61.88,4.53839178564,6.56407732367,6.87540238057
194,54.8,59.48,60.42,61.625,4.80801414307,5.44789459843,7.04518312488
195,58.5,59.56,59.69,60.72,4.78257252951,5.12649978055,6.12240062996
196,63.8,60.32,60.36,60.685,5.15722793756,5.18784905117,6.10161971594
197,74.6,61.76,60.77,61.41,7.90272105037,6.15088972787,6.84465984699
198,59.1,62.16,60.94,61.72,7.65460645625,6.07036517298,6.57399982387
199,58.3,62.86,61.17,62.01,6.9399567722,5.90368058455,6.26661160857
200,55.5,62.26,60.91,61.83,7.51684774357,6.10763638589,6.40477617835
201,58.2,61.14,60.73,61.265,7.64611012215,6.16370199006,6.1872768434
202,67.7,59.76,60.76,61.875,4.64198233517,6.2003942527,6.19038941042
203,113,70.54,66.35,64.355,24.1827004282,17.4774298899,13.0111885051
204,56.1,70.1,66.48,63.45,24.4792769501,17.3865720856,12.9195282625
205,56.2,70.24,66.25,62.97,24.376689685,17.518577441,13.0056708279
206,55.1,69.62,65.38,62.87,24.7953019744,17.8663432807,13.0607527791
207,60.0,68.08,63.92,62.345,25.1804884782,17.6240870528,12.9484595711
208,60.0,57.48,64.01,62.475,2.34029912618,17.5990182807,12.9091919516
209,59.5,58.16,64.13,62.65,2.33302378899,17.5598057443,12.8403352965
210,58.0,58.52,64.38,62.645,2.08014422577,17.4406804149,12.8422196393
211,60.3,59.56,64.59,62.66,0.918150314491,17.3705018158,12.8391424537
212,56.7,58.9,63.49,62.125,1.51492574075,17.4994888814,12.8541566081
213,61.4,59.18,58.33,62.34,1.8593009439,2.18482137587,12.8015377366
214,61.3,59.54,58.85,62.665,2.09594847265,2.21371984577,12.6819919986
215,57.9,59.52,59.02,62.635,2.11471038206,2.04656894446,12.6930679382
216,72.4,61.94,60.75,63.065,6.2026607194,4.36431234242,12.8789209666
217,68.5,64.3,61.6,62.76,5.95021008032,4.98553463086,12.66177006
218,57.8,63.58,61.38,62.695,6.57396379668,5.11094685726,12.6848635451
219,54.4,62.2,60.87,62.5,7.78492132266,5.55458769347,12.7855592883
220,57.9,62.2,60.86,62.62,7.78492132266,5.56041565193,12.7275333534
221,56.9,59.1,60.52,62.555,5.44104769323,5.70064323856,12.7545853468
222,56.8,56.76,60.53,62.01,1.41173651933,5.69328063988,12.7560470696
223,55.8,56.36,59.97,59.15,1.32400906341,5.87084131771,4.39263738065
225,66.1,58.7,60.45,59.65,4.20297513673,6.17976087276,4.59181193453
226,75.6,62.24,62.22,60.62,8.55821243017,7.71287523849,5.73214389947
227,61.1,63.08,61.09,60.92,8.09672773409,6.83332520325,5.58311363799
228,57.4,63.2,59.98,60.79,7.98404659305,6.38258046039,5.63568517293
229,58.2,63.68,60.02,60.7,7.48445054764,6.36863843812,5.66327039607
230,55.8,61.62,60.16,60.515,8.0481053671,6.24556731699,5.76406974281
231,83.3,63.16,62.7,61.78,11.4216023394,9.5271541746,7.65056585455
232,56.8,62.3,62.69,61.605,11.7720006796,9.53396851031,7.725860538
233,101,71.02,67.11,63.82,20.2966007006,15.113162034,11.6163949476
234,53.3,70.04,66.86,63.415,21.1698606514,15.3400130378,11.8441757839
235,52.9,69.46,65.54,62.995,21.6908506057,15.9677591832,12.0699049401
236,59.2,64.64,63.9,63.06,20.4910468254,15.658934262,12.0444964501
237,56.4,64.56,63.43,62.26,20.5300511446,15.8219994522,11.9222216227
238,56.6,55.68,63.35,61.665,2.60518713339,15.8578581992,11.891318151
239,63.4,57.7,63.87,61.945,3.89486841883,15.7551437809,11.8614135574
240,59.7,59.06,64.26,62.21,2.84569850828,15.580486371,11.7425855666
241,68.2,60.86,62.75,62.725,4.99279480852,14.2008020118,11.769446394
242,56.2,60.82,62.69,62.69,5.03805518032,14.2299722808,11.7887055671
243,54.5,60.4,58.04,62.575,5.54030685071,4.77986517708,11.8601888243
244,57.3,59.18,58.44,62.65,5.38395765214,4.49819716973,11.8197648921
245,54.9,58.22,58.64,62.09,5.6874423074,4.26281075765,11.912660227
246,56.7,55.92,58.39,61.145,1.1882760622,4.29947025161,11.5279739855
247,57.8,56.24,58.53,60.98,1.46560567684,4.24998039211,11.55224289
248,148,74.94,67.67,65.51,40.8564927521,28.5352043779,22.5772102141
249,59.7,75.42,67.3,65.585,40.6107990564,28.6205831139,22.5541284586
250,58.0,76.04,67.13,65.695,40.2411853702,28.6757369372,22.5092139029
251,150,94.7,75.31,69.03,49.579431219,38.8699383986,29.2012815148
252,56.9,94.52,75.38,69.035,49.7482361496,38.8323118607,29.1990856922
253,55.8,76.08,75.51,66.775,41.3476359663,38.7567470829,28.3311224628
254,66.1,77.36,76.39,67.415,40.809349419,38.3955567453,28.1547280315
255,68.7,79.5,77.77,68.205,39.8086045975,37.7804196789,27.9469134912
256,58.0,61.1,77.9,68.145,5.87579781817,37.7020188083,27.9685438907
257,57.6,61.24,77.88,68.205,5.75786418735,37.7139172661,27.9432973792
258,56.4,61.36,68.72,68.195,5.62076507248,28.8801662045,27.9477044533
259,60.1,60.16,68.76,68.03,4.95711609709,28.8665588913,27.9872170069
260,57.8,57.98,68.74,67.935,1.33865604245,28.8749102933,28.0201858629
261,57.2,57.82,59.46,67.385,1.3827508814,4.37980212643,28.1224816416
262,57.8,57.86,59.55,67.465,1.37767920794,4.33031946474,28.0912474663
263,62.5,59.08,60.22,67.865,2.21065601123,4.20206298541,27.9535380493
264,66.8,60.42,60.29,68.34,4.15716249382,4.31520567297,27.8450675969
265,55.5,59.96,58.97,68.37,4.6209306422,3.3727832226,27.8301445804
266,85.0,65.52,61.67,69.785,11.7284696359,8.85752034526,27.924847924
267,64.1,66.78,62.32,70.1,11.0080425145,8.7636623496,27.8178662771
268,60.0,66.28,62.68,65.7,11.303848902,8.56514902251,20.962673594
269,71.2,67.16,63.79,66.275,11.5235845118,8.90610901448,20.9471484054
270,52.8,66.62,63.29,66.015,12.2471221109,9.40607959425,21.0870694977
271,57.4,61.1,63.31,61.385,6.97853852895,9.39189366777,7.40065964343
272,59.1,60.1,63.44,61.495,6.79705818719,9.31584075051,7.34664083639
273,58.7,59.84,63.06,61.64,6.82663899734,9.43518238651,7.25638738593
274,62.7,58.14,62.65,61.47,3.57393340733,9.34323879129,7.18588528773
275,64.5,60.48,63.55,61.26,2.98529730513,9.0053379232,7.0229998089
276,62.8,61.56,61.33,61.5,2.53535007445,4.95581588753,6.98765829309
277,56.8,61.1,60.6,61.46,3.21169737055,5.03940031706,7.01340070677
278,57.2,60.8,60.32,61.5,3.54471437495,5.15294953293,6.98524761269
279,58.6,59.98,59.06,61.425,3.46871734219,3.4590300503,7.00908245365
280,67.3,60.54,60.51,61.9,4.46407885235,3.58033207647,7.07210978719
281,64.0,60.78,61.17,62.24,4.64456671822,3.55154113653,6.99732279631
282,56.6,60.74,60.92,62.18,4.68806996535,3.79321030849,7.04239791698
283,53.9,60.08,60.44,61.75,5.47695170693,4.36582689126,7.2803629175
284,56.0,59.56,59.77,61.21,5.7682753055,4.49272251041,7.28660631426
285,56.1,57.32,58.93,61.24,3.87517741529,4.29083001554,7.26305720754
286,58.4,56.2,58.49,59.91,1.60779351908,4.06979387957,4.64779517621
287,59.8,56.84,58.79,59.695,2.29630137395,4.04185051128,4.54202308275
288,71.5,60.36,60.22,60.27,6.43062982918,5.63319526458,5.25468212269
289,61.7,61.5,60.53,59.795,5.95189045598,5.61942068979,4.60371417559
290,59.6,62.2,59.76,60.135,5.33151010503,5.09143070921,4.3010739173
291,69.2,64.36,60.28,60.725,5.58864921068,5.79018326327,4.69724163178
292,54.6,63.32,60.08,60.5,6.96397874781,5.96336966637,4.88326896551
293,54.9,60.0,60.18,60.31,5.9762028078,5.85563356473,5.02874892886
294,56.2,58.9,60.2,59.985,6.09015599143,5.84009132349,5.07597799755
295,56.6,58.3,60.25,59.59,6.15142259969,5.80311219184,5.01313012839
296,57.1,55.88,60.12,59.305,1.08489630841,5.86340818599,4.98296836075
297,55.7,56.1,59.71,59.25,0.845576726264,6.02927119237,5.01802015897
298,66.6,58.44,59.22,59.72,4.59053373803,5.09068866767,5.25072426082
299,58.9,58.98,58.94,59.735,4.41667295597,5.01557573963,5.24778399347
300,54.5,58.56,58.43,59.095,4.78414046617,5.19701837595,5.05355268468
301,75.2,62.18,59.03,59.655,8.67162037914,6.70589293085,6.13132380314
302,61.6,63.36,59.73,59.905,7.93996221653,6.55575235109,6.10206824299
303,59.7,61.98,60.21,60.195,7.83498564134,6.33481561601,5.93725747427
304,58.8,61.96,60.47,60.335,7.84493467149,6.20395035441,5.86571438643
305,59.6,62.98,60.77,60.51,6.90811117455,6.06704211292,5.78436185808
306,55.8,59.1,60.64,60.38,2.11187120819,6.16751345537,5.86296134982
307,59.7,58.72,61.04,60.375,1.67541039748,5.9369277502,5.8635246271
308,56.4,58.06,60.02,59.62,1.83521115951,5.74877764785,5.30080430838
309,61.0,58.5,60.23,59.585,2.26936114358,5.74167029511,5.28864473735
310,55.6,57.7,60.34,59.385,2.47991935353,5.62913058217,5.36315647436
311,68.7,60.28,59.69,59.36,5.21315643349,3.80100863807,5.31595414023
312,54.8,59.3,59.01,59.37,5.77927331072,4.02311377473,5.30670876295
313,59.5,59.92,58.99,59.6,5.55220676848,4.019798226,5.20141681103
314,56.7,59.06,58.78,59.625,5.67476871775,4.08514925608,5.18539193058
315,54.3,58.8,58.25,59.51,5.89830484122,4.30484223482,5.28063991338
316,58.0,56.66,58.47,59.555,2.17324641953,4.22112412621,5.26282643693
317,56.6,57.02,58.16,59.6,1.92275843517,4.23456674945,5.23188604415
318,56.6,56.44,58.18,59.1,1.33529023062,4.22579381103,5.0004210349
319,57.6,56.62,57.84,59.035,1.43596657343,4.10885223227,5.01159445161
320,55.9,56.94,57.87,59.105,0.847348806572,4.09173964633,4.95436808866
321,54.7,56.28,56.47,58.08,1.07098085884,1.62757488307,3.29043270231
323,57.8,56.52,56.77,57.89,1.27553910171,1.56066225259,3.18448541658
324,60.1,57.22,56.83,57.91,2.05353354002,1.6839437837,3.19768008011
325,58.6,57.42,57.02,57.9,2.14639232201,1.7725060727,3.19506197947
326,54.5,57.14,57.04,57.645,2.46231598297,1.7392207706,3.25519422979
327,59.4,58.08,57.18,57.825,2.17876111586,1.87604785535,3.24732683587
328,57.7,58.06,57.29,57.725,2.18242983851,1.87050201223,3.21720293684
329,56.6,57.36,57.29,57.735,1.90866445453,1.87050201223,3.21317599891
330,59.6,57.56,57.49,57.665,2.11258135938,2.00911810393,3.15298939187
331,57.6,58.18,57.66,57.765,1.28140547837,1.92999712147,3.11554253111
332,55.5,57.4,57.74,57.105,1.51822264507,1.80628532261,1.79574790166
333,58.7,57.6,57.83,57.3,1.62941707368,1.83184788306,1.74325768847
334,54.7,57.22,57.29,57.06,2.08014422577,1.88352506399,1.7548129305
335,55.8,56.46,57.01,57.015,1.64103625798,1.87524813173,1.77594304081
336,58.4,56.62,57.4,57.22,1.81024860171,1.69181033873,1.68010024764
337,57.6,57.04,57.22,57.2,1.72713635825,1.54474017952,1.67269086709
338,55.7,56.44,57.02,57.155,1.51426549852,1.60402272081,1.70153955056
339,58.9,57.28,57.25,57.27,1.47207336774,1.69918281012,1.73935862347
340,58.4,57.8,57.13,57.31,1.26293309403,1.55066294067,1.75646175442
341,57.7,57.66,57.14,57.4,1.21778487427,1.55434873822,1.72626765016
342,56.0,57.34,57.19,57.465,1.42933550995,1.5029230778,1.64165353098
343,59.9,58.18,57.31,57.57,1.45842380672,1.67494610195,1.72903989178
344,60.9,58.58,57.93,57.61,1.90971202017,1.74741078297,1.79850815371
345,57.0,58.3,58.05,57.53,2.0408331632,1.62155617986,1.78770655781
346,57.8,58.32,57.99,57.695,2.03396165156,1.61826381588,1.63947199459
347,59.4,59.0,58.17,57.695,1.58271917913,1.6693644832,1.63947199459
348,57.8,58.58,58.38,57.7,1.56268998845,1.4405245958,1.63964052543
349,56.1,57.62,58.1,57.675,1.21737422348,1.59234278833,1.66096832886
350,57.3,57.68,57.99,57.56,1.18617030818,1.6072405614,1.59914450813
351,72.6,60.64,59.48,58.31,6.78991899804,4.88098350745,3.72430141807
352,656,179.96,119.48,88.335,266.200155898,188.573126399,133.664734848
353,59.5,180.3,119.44,88.375,266.006137147,188.587210595,133.655519015
354,97.4,188.56,123.09,90.51,261.793187459,187.679345042,133.430139024
355,56.1,188.32,123.0,90.525,261.944110451,187.71477181,133.426048412
356,53.3,184.46,122.55,90.27,264.208086553,187.893748048,133.495531563
357,55.9,64.44,122.2,90.185,18.5563466232,188.027663449,133.517967547
358,62.5,65.04,122.67,90.525,18.4045646512,187.854595366,133.43416226
359,56.4,56.84,122.7,90.4,3.39823483591,187.842806623,133.466514626
360,71.8,59.98,124.15,91.07,7.41869260719,187.3371604,133.330985462
361,57.0,60.72,122.59,91.035,6.73921360397,187.8782966,133.340297833
362,66.4,62.82,63.63,91.555,6.49322724075,13.1341835596,133.216699107
363,57.1,61.74,63.39,91.415,6.98984978379,13.2395409454,133.253183136
364,55.3,61.52,59.18,91.135,7.21366758314,5.8603754146,133.326541263
365,56.5,58.46,59.22,91.11,4.49588700926,5.83834070796,133.333325482
366,56.6,58.38,59.55,91.05,4.53177669353,5.55282710778,133.349372939
367,481,141.3,102.06,112.13,189.899223274,133.25551229,158.949015659
368,63.2,142.52,102.13,112.4,189.241504433,133.232604034,158.856429719
369,73.4,146.14,103.83,113.265,187.319320947,132.691631236,158.580593075
370,54.6,145.76,102.11,113.13,187.548415083,133.263193635,158.631884696
371,145,163.44,110.91,116.75,181.097896178,132.858299201,158.484325972
372,91.8,85.6,113.45,88.54,35.9805503015,132.15373413,94.9083236325
373,61.0,85.16,113.84,88.615,36.3346666422,131.974595198,94.8847571087
374,55.0,81.48,113.81,86.495,38.6796070301,131.989414138,95.1514387147
375,62.5,83.06,114.41,86.815,37.4488718121,131.713295119,95.0545509584
376,61.3,66.32,114.88,87.215,14.538466219,131.492287902,94.9228344499
377,54.7,58.9,72.25,87.155,3.740989174,27.9217259097,94.9440470959
378,54.7,57.64,71.4,86.765,3.91382166175,28.3538749067,95.0665931417
379,56.5,57.94,69.71,86.77,3.71321962722,28.7226759044,95.0649146636
380,56.7,56.78,69.92,86.015,2.70037034497,28.6073727871,95.2498447298
381,60.1,56.54,61.43,86.17,2.20635445928,11.0758044604,95.2026542089
382,510,147.6,103.25,108.35,202.597161875,142.948182142,134.087428274
383,60.1,148.68,103.16,108.5,201.991613687,142.978018513,134.028743971
384,76.6,152.7,105.32,109.565,199.887480849,142.3313099,133.667904564
385,87.1,158.78,107.78,111.095,196.673935741,141.720270643,133.20285865
386,61.7,159.1,107.82,111.35,196.474438541,141.705749903,133.097884439
387,66.5,70.4,109.0,90.625,11.3393121485,141.262702477,100.881842688
388,53.2,69.02,108.85,90.125,13.177139295,141.327549017,101.049565092
389,60.0,65.7,109.2,89.455,12.8776938929,141.187763083,101.210590641
390,76.8,63.64,111.21,90.565,8.7660139174,140.498702643,100.929554771
391,56.7,62.64,110.87,86.15,9.31090758197,140.640171675,100.352680713
392,63.7,62.08,66.24,84.745,9.10258205126,10.639569749,100.466058552
393,56.2,62.68,65.85,84.505,8.44612337111,10.9564035056,100.531479621
394,56.8,62.04,63.87,84.595,8.81322869328,10.5804904318,100.504477381
395,55.7,57.82,60.73,84.255,3.3161724925,6.96053158889,100.594618853
396,56.6,57.8,60.22,84.02,3.32490601371,7.06757855752,100.656537425
398,90.3,63.12,62.6,85.8,15.1999013155,11.8240808898,100.425264173
399,68.6,65.6,64.14,86.495,14.7947625868,11.461064523,100.246645698
400,87.3,71.7,66.87,88.035,16.4540268627,13.4450362588,99.997875109
401,71.1,74.78,66.3,88.755,13.9630584042,13.0935098427,99.8120521939
402,63.6,76.18,66.99,88.93,11.8801094271,12.7075174601,99.7622231002
403,67.6,71.64,67.38,66.81,9.1614955111,12.6550648622,11.3940381456
404,58.8,69.68,67.64,66.745,10.8644834208,12.4244561696,11.4379550528
405,56.0,63.42,67.56,65.715,6.18239435818,12.5043281396,11.4313177856
406,60.6,61.32,68.05,64.39,4.46676616805,12.0766303247,10.3021663537
407,57.7,60.14,68.16,64.19,4.49310583005,11.9652459695,10.3955405419
408,52.8,57.18,64.41,63.505,2.96513068852,9.96454269453,10.6827196912
409,54.4,56.3,62.99,63.565,3.0166206258,10.3070040911,10.6250089783
410,59.5,57.0,60.21,63.54,3.32039154318,5.77378173778,10.6344227567
411,57.7,56.42,58.87,62.585,2.73623829372,4.34333461243,10.2309270558
413,79.8,60.84,60.49,63.74,10.9230490249,7.88267439106,10.8186194274
414,74.6,65.2,61.19,64.285,11.2572199055,8.83722555758,11.0877018168
415,83.5,71.02,63.66,65.65,11.7875782076,11.2243980289,11.7033283615
416,86.6,76.44,66.72,67.14,11.3900395083,12.943535495,12.3939034249
417,65.0,77.9,67.16,67.605,8.48469209813,12.7862078472,12.1133886345
418,58.9,73.72,67.28,67.72,11.8108848102,12.6928501309,12.0139217489
419,59.9,70.78,67.99,66.2,13.2758050603,11.9709323873,10.8759512591
420,69.0,67.88,69.45,66.22,11.2284014891,10.9784890683,10.8809635796
421,55.7,61.7,69.07,64.64,5.27399279484,11.418119129,9.90982500244
422,56.2,59.94,68.92,63.895,5.36497903071,11.5926030056,9.95857075985
423,57.5,59.66,66.69,63.59,5.46836355777,11.4105652796,10.0609667841
424,68.2,61.32,66.05,63.62,6.68408557695,11.0926652443,10.0744387332
425,61.4,59.8,63.84,63.75,5.20048074701,9.28382105242,10.0256250625
426,55.1,59.68,60.69,63.705,5.32419007925,5.1082612828,10.0641874198
428,66.8,61.8,60.87,64.015,5.68990333837,5.30493480953,10.0589983283
429,56.7,61.64,60.65,63.965,5.85004273489,5.43961804215,10.0944630472
430,80.2,64.04,62.68,65.335,10.1184484977,8.21067056403,10.3553838019
431,66.8,65.12,62.46,65.955,10.0542031012,8.05042441945,10.0323935854
432,64.6,67.02,63.35,66.21,8.4582504101,7.70458016738,9.92391582306
433,52.3,64.12,62.96,65.94,10.7325206732,8.19012956077,10.2361793859
434,56.8,64.14,62.89,64.79,10.7153161409,8.24478960044,9.88299443222
435,69.3,61.96,63.0,64.525,7.1451382072,8.33039948355,9.67497450017
436,55.2,59.64,62.38,63.11,7.06349771714,8.68585056284,8.78203309395
437,57.3,58.18,62.6,61.645,6.51513622267,8.50699058944,6.89931155986
438,69.2,61.56,62.84,61.855,7.06278981706,8.67092203222,7.06864648698
439,61.6,62.52,63.33,61.99,6.56254523794,8.42022037189,7.03494286065
440,67.8,62.22,62.09,62.385,6.19935480514,6.3079227079,7.13252557322
441,61.3,63.44,61.54,62.0,4.9460084917,6.08754648625,6.96245570713
443,62.4,64.46,61.32,62.335,3.74272627906,6.00385061625,6.80272971526
444,86.5,67.92,64.74,63.85,10.7176023438,9.19011546294,8.52139721679
445,66.9,68.98,65.75,64.32,10.1851362288,8.76574773384,8.41124560523
446,66.2,68.66,65.44,64.22,10.2563638781,8.6806553772,8.37449762829
447,57.2,67.84,65.64,64.01,11.1194873983,8.43816725757,8.50064393846
448,58.2,67.0,65.73,64.165,11.7726377673,8.34360034198,8.35667240498
449,56.3,60.96,64.44,63.64,5.15296031423,8.73552135441,8.51082283115
450,54.7,58.52,63.75,63.54,4.48185229565,9.24256457916,8.60785443039
451,58.5,56.98,62.82,62.455,1.54175224988,9.257645489,7.71911332514
452,64.6,58.46,63.15,62.345,3.76071801655,9.25625914359,7.66945239245
453,55.5,57.92,62.46,61.89,3.99399549324,9.57023162381,7.79749622433
454,58.4,58.34,59.65,62.195,3.89011567951,4.52038592256,7.51689150479
455,56.9,58.78,58.65,62.2,3.47807417977,3.78454459318,7.51314637293
456,55.7,58.22,57.6,61.52,3.74926659495,2.78048756716,7.45192310043
458,71.2,59.54,59.0,62.32,6.61989425897,5.10751080926,7.59519238521
459,68.9,62.22,60.07,62.9,7.25720331808,5.96937554895,7.634478578
460,67.5,64.04,61.19,62.815,7.20055553412,6.2285097201,7.56983452506
462,76.6,67.98,63.38,63.565,7.69005851733,7.4276959191,8.16296353564
463,72.3,71.3,64.76,63.79,3.51069793631,7.69735885439,8.34580890722
464,56.4,68.34,63.94,63.545,7.54141896462,8.14032486384,8.49337047969
465,53.8,65.32,63.77,63.115,9.91196246966,8.3511875403,8.76766037327
466,57.4,63.3,63.67,61.66,10.3749698795,8.42826593474,6.897856265
467,56.0,59.18,63.58,61.115,7.4513086099,8.51297049605,6.89265627507
468,58.2,56.36,63.83,60.715,1.66973051718,8.28962537687,6.81370716007
469,54.2,55.92,62.13,60.565,1.92665513261,8.35318302605,6.92723648096
470,57.6,56.68,61.0,60.535,1.60374561574,8.09595234944,6.93930642674
471,55.8,56.36,59.83,60.51,1.58366663158,7.89515322489,6.95624671939
473,72.6,59.68,59.43,61.405,7.39134629144,7.00191243717,7.31181272074
474,73.5,62.74,59.55,62.155,9.4935767759,7.25277724584,7.75408041988
475,70.0,65.9,60.91,62.425,8.51997652579,7.84721465093,7.9355877307
476,69.4,68.26,62.47,63.12,7.17412015511,7.82730974076,7.90580066853
477,69.7,71.04,63.7,63.685,1.87429986928,7.90808306594,7.95436159733
478,56.0,67.72,63.7,63.64,6.75847615961,7.90808306594,7.99719687733
479,54.6,63.94,63.34,63.585,7.9055676583,8.26037394903,8.05822724399
480,59.4,61.82,63.86,62.995,7.26993810152,7.77019948264,7.90179693088
481,58.0,59.54,63.9,62.45,5.96975711399,7.73534456605,7.84880145057
482,57.4,57.08,64.06,61.945,1.84715998224,7.56383206817,7.83168161011
483,53.5,56.58,62.15,60.79,2.451938009,7.5792479838,7.23746829827
484,59.5,57.56,60.75,60.15,2.44192546979,6.46017715615,6.71302739769
485,56.7,57.02,59.42,60.165,2.22193609269,5.66427400467,6.70453695563
486,62.4,57.9,58.72,60.595,3.31134413796,4.63244595819,6.54880262258
487,66.8,59.78,58.43,61.065,5.12708494176,3.90186565063,6.64405353443
488,57.4,60.56,58.57,61.135,4.13315859846,3.82943279815,6.59507591433
489,56.1,59.88,58.72,61.03,4.60401998258,3.68323529281,6.66065430641
490,136,75.74,66.38,65.12,33.9530263747,24.7365586397,17.8917975914
491,203,103.86,80.88,72.39,64.5653002781,49.4406220745,35.5257490013
492,124,115.3,87.54,75.8,61.3443558936,50.4026498422,37.088301461
493,208,145.42,102.99,82.57,62.7640980179,61.308608241,47.3982244837
494,437,221.6,140.74,100.745,126.274700554,119.837567844,92.2288314038
495,278,250.0,162.87,111.145,117.900381679,122.985817159,99.9810164876
496,62.5,221.9,162.88,110.8,145.43142714,122.976743962,100.144416772
497,101,217.3,166.3,112.365,149.605982501,120.457608957,99.7119602972
498,312,238.1,191.76,125.165,155.117858417,121.781901593,108.168325333
499,77.9,166.28,193.94,126.33,118.91012152,119.252497761,107.491679482
500,75.3,125.74,187.87,127.125,105.044052664,123.980455897,107.028416664
501,177,148.64,185.27,133.075,100.178904965,123.900507128,106.288524285
502,199,168.24,192.77,140.155,98.0930833443,122.035523517,105.696842929
503,223,150.44,194.27,148.63,69.3479127299,122.335341037,105.177124289
504,65.6,147.98,157.13,148.935,72.7015268065,93.4152860439,104.913569816
505,69.1,146.74,136.24,149.555,74.286660983,86.4828460833,104.375064954
506,83.8,128.1,138.37,150.625,76.4567851796,84.709005818,103.540929487
507,87.8,105.86,137.05,151.675,66.1565416267,85.4555927563,102.749582532
508,79.8,77.22,113.83,152.795,9.52428475005,60.5551181432,101.785432082
509,72.6,78.62,113.3,153.62,7.73576111317,60.9265860597,101.024466031
510,127,90.2,118.47,153.17,21.3241646964,59.5210896331,101.127075348
511,146,102.64,115.37,150.32,32.0850120773,56.8828044706,100.449765398
512,80.7,101.22,103.54,148.155,33.048630834,49.3619556609,101.507948742
513,301,145.46,111.34,152.805,92.2445011911,71.5237210069,106.405661083
514,367,204.34,141.48,149.305,122.956610233,105.528551166,97.3298324743
515,255,229.94,160.07,148.155,115.954163358,107.712849228,95.8538936145
516,209,242.54,172.59,155.48,107.68035104,105.107378428,94.5525840889
517,540,334.4,217.81,177.43,128.91780327,151.577017094,126.722893292
518,287,331.6,238.53,176.18,129.972304742,144.617365255,125.442457347
519,377,333.6,268.97,191.135,130.727961814,137.680338708,130.822713604
520,344,351.4,290.67,204.57,123.192126372,129.686802635,132.091882296
521,426,394.8,318.67,217.02,95.6226960507,125.127846177,140.803732756
522,451,377.0,355.7,229.62,65.3184506859,98.9287622484,150.076270434
523,167,353.0,342.3,226.82,112.011160158,114.940612685,150.727270609
524,64.4,290.48,312.04,226.76,168.34206842,143.899557562,150.795048781
525,98.6,241.4,296.4,228.235,183.89230544,158.542220104,149.308685104
526,230,202.2,298.5,235.545,152.999281044,157.39081577,145.392664243
527,215,155.0,266.0,241.905,72.0387395781,133.763605746,141.314511025
528,343,190.2,271.6,255.065,111.538244562,135.895678944,137.63117867
529,503,277.92,284.2,276.585,152.731241074,151.678724795,141.201715641
530,544,367.0,304.2,297.435,151.883178792,172.23302045,148.547569113
533,109,342.8,272.5,295.585,185.162631219,176.44540232,150.746906314
534,456,391.0,273.0,314.35,174.6467864,177.013596465,145.869961916
535,393,401.0,295.6,318.95,172.631109595,176.402544703,146.873964946
536,63.2,313.04,295.48,303.76,214.607800417,176.577617809,157.003487725
537,367,277.64,322.32,309.36,178.556288044,163.21982995,157.170100277
538,310,317.84,330.32,314.41,151.704409956,160.123291386,155.388240089
539,480,322.64,356.82,311.41,157.439982215,160.844340211,151.329858952
540,307,305.44,353.22,312.41,152.450214824,161.58917593,151.226111293
541,425,377.8,345.42,314.81,74.8311432493,155.316692957,152.679030029
542,244,353.2,315.42,309.81,96.3830898031,141.012795322,153.308913807
543,457,382.6,350.22,311.36,102.158210634,126.616988504,154.695893185
544,70.5,300.7,311.67,292.335,155.021611397,147.753398532,159.927741167
545,62.8,251.86,278.65,287.125,187.587840757,163.604572403,165.814629775
546,134,193.66,285.73,290.605,164.114374751,154.524992944,161.570250242
547,359,216.66,284.93,303.625,180.20288011,154.077556589,155.667580626
548,88.1,142.88,262.74,296.53,123.934688445,165.612876579,162.292640492
549,199,168.58,234.64,295.73,118.371626668,147.502694514,162.754461819
550,88.3,173.68,212.77,282.995,113.107015698,151.734366209,168.716584138
551,117,170.28,181.97,263.695,114.840223789,134.103517644,164.243524185
552,196,137.68,177.17,246.295,55.8694639316,132.48584872,150.874519055
553,326,185.26,164.07,257.145,92.4290971502,105.462969278,148.261470578
554,414,228.26,198.42,255.045,138.799092216,125.615098173,145.569623331
555,440,298.6,236.14,257.395,139.254443376,136.525335052,148.268268511
556,361,347.4,258.84,272.285,95.6232189377,136.527182479,142.584077782
557,65.8,321.36,229.52,257.225,149.634046928,143.910788724,147.86252817
558,83.3,272.82,229.04,245.89,183.324690099,144.441916046,152.228754113
559,430,276.02,252.14,243.39,186.516975099,157.027111601,148.547755568
560,282,244.42,271.51,242.14,163.78938305,146.140620636,148.088794132
561,434,259.02,303.21,242.59,179.298443942,143.253655761,148.686168613
563,606,367.06,344.21,260.69,195.761124844,166.022852845,169.450597986
564,632,476.8,374.81,269.44,143.830455746,188.91508057,184.013564717
565,653,521.4,398.71,298.565,159.420199473,208.524416103,196.540431825
566,603,585.6,415.01,325.575,87.173964003,218.254318781,199.530952288
567,651,629.0,444.01,351.425,23.8432380351,229.269062942,206.763966307
568,623,632.4,499.73,364.625,20.7557221026,191.782909967,215.514832497
569,547,615.4,546.1,387.57,43.5063213798,123.982480841,208.850402517
570,287,542.2,531.8,391.97,147.659066772,145.278888885,205.569786076
571,592,540.0,562.8,417.155,146.604911241,116.221818567,197.088098054
572,514,512.6,570.8,437.005,132.82808438,108.893219869,184.880634251
573,541,496.2,564.3,454.255,120.256808539,108.497875043,177.143478793
574,469,480.6,548.0,461.405,117.03546471,109.436942777,174.561412734
575,253,473.8,508.0,453.355,131.223854539,136.539778494,180.474726252
576,405,436.4,488.2,451.605,114.72488832,135.585807189,180.780473081
578,473,428.2,470.4,457.205,109.120117302,122.931959501,179.556660094
579,592,438.4,467.3,483.515,123.708528404,118.9837057,156.221634983
580,491,442.8,461.7,503.9,125.447997194,116.098664936,124.662027308
581,618,515.8,494.8,513.3,87.998295438,107.632915246,125.878429238
582,480,530.8,483.6,523.2,68.6563908169,102.078618939,113.950866605
583,475,531.2,479.7,525.25,68.240017585,101.531658993,112.622740061
584,550,522.8,480.6,522.45,61.0958263714,102.173273305,111.196589781
585,514,527.4,485.1,516.55,58.930467502,102.595700581,108.167255966
586,436,491.0,503.4,505.7,43.0464865001,66.603636871,104.583937581
587,588,512.6,521.7,504.95,59.9316277103,61.5088972787,103.901002984
588,391,495.8,513.5,491.95,81.1307586554,73.0969675614,100.887365544
589,399,465.6,494.2,480.75,83.9660645737,75.5068797454,97.9644806738
590,525,467.8,497.6,479.65,85.677885128,76.1098621147,97.3027153838
593,680,516.6,503.8,499.3,123.968947725,88.5209328665,96.0241745878
594,530,505.0,508.8,496.2,118.196869671,88.4393075002,93.8501605304
595,508,528.4,512.1,495.9,100.196307317,87.6501251821,93.7998428907
596,533,555.2,510.4,495.5,70.4322369374,86.9957853385,93.6142701673
597,515,553.2,510.5,497.8,71.6358848623,87.0009578491,93.4939345063
598,477,512.6,514.6,509.0,22.4343486645,84.0148135086,74.0120900508
599,424,491.4,498.2,509.95,42.758624861,84.1015259473,72.7175320929
600,522,494.2,511.3,512.4,44.5387471759,75.289146333,72.2309162558
601,548,497.2,526.2,510.2,48.163264009,64.5769136594,70.3237625483
602,467,487.6,520.4,509.0,48.5108235345,67.2461481755,70.871269511
603,613,514.8,513.7,508.75,73.0184908088,50.9379797183,70.4742394145
604,618,553.6,522.5,515.65,63.6498232519,60.7275335687,74.1699861272
605,541,557.4,525.8,518.95,61.8328391714,60.7486625367,73.7331425872
606,518,551.4,524.3,517.35,64.3762378522,60.7363153311,73.3702040484
608,708,599.6,543.6,527.05,74.7683087946,83.7551988436,84.8326370909
609,469,570.8,542.8,528.7,93.6626926796,84.4969427455,83.2751305518
610,880,623.2,588.4,543.3,169.365580919,126.075109888,114.108028224
611,472,609.4,583.4,547.35,180.202108756,129.933487258,109.773103311
612,420,589.8,570.6,548.4,197.16034084,139.742779579,108.370903067
613,434,535.0,567.3,543.85,194.149426989,142.816937993,111.276457528
614,441,529.4,550.1,531.9,196.913178838,146.997694615,108.688787975
615,467,446.8,535.0,528.75,22.1291662744,147.003401321,109.655381225
616,390,430.4,519.9,522.85,28.3072428894,153.911554689,113.922076323
617,513,449.0,519.4,521.85,45.249309387,153.926533703,113.916070212
618,537,469.6,502.3,522.95,58.2820727154,139.46568674,113.952656374
619,560,493.4,511.4,527.1,67.2852138289,140.019205032,113.702242722
620,489,497.8,472.3,530.35,65.8308438348,53.5372144712,111.507977057
621,404,500.6,465.5,524.45,60.1523066889,57.7335835252,115.038883587
623,691,536.2,492.6,531.6,105.160353746,89.0907153162,120.875490529
624,674,563.6,516.6,541.95,121.931538168,102.819366961,123.877900412
625,699,591.4,542.4,546.25,135.94594514,113.550967509,127.901226281
626,684,630.4,564.1,549.55,126.894838351,118.181075755,130.671333384
627,565,662.6,581.6,550.75,55.3290158958,101.285295631,130.698880517
628,647,653.8,595.0,557.2,53.1384982851,100.057761096,132.172375488
629,589,636.8,600.2,551.25,58.3969177269,98.0394478429,127.626871861
630,615,620.0,605.7,558.55,47.0,97.071623042,126.847805616
631,535,590.2,610.3,541.3,43.372802538,91.8779988173,101.822911288
632,560,589.2,625.9,545.7,44.1497451861,61.0199420955,100.564250214
633,764,612.6,633.2,562.9,89.8237162447,72.886212688,107.136852965
634,709,636.6,636.7,576.65,97.6334983497,75.8434791748,107.369639441
635,776,668.8,644.4,593.4,113.919708567,86.0880686016,111.157735247
638,669,695.6,642.9,603.5,87.2026375748,85.44972531,108.206187195
639,591,701.8,645.5,613.55,75.4632360822,83.1815283982,95.9761346432
640,95.9,568.18,590.39,592.695,272.375314594,192.630702814,149.414568003
641,325,491.38,563.99,582.095,276.843045786,210.137417737,160.669819899
642,349,405.98,537.39,571.545,228.782652314,219.586148369,168.912943865
643,371,346.38,520.99,565.645,175.819003524,225.820235537,173.934120847
644,223,272.78,487.29,556.595,113.960703754,243.783229986,187.005056152
645,321,317.8,442.99,538.095,56.6850950427,227.62820783,191.262045304
646,263,305.4,398.39,517.545,61.3090531651,212.935798619,197.857374136
647,304,296.4,351.19,497.795,56.4163096985,167.370729221,198.50461608
648,392,300.6,323.49,483.195,63.6733853348,126.975942166,194.792014521
649,420,340.0,306.39,475.945,64.5948914389,94.2422935252,194.284781415
650,435,362.8,340.3,465.345,75.4234711479,67.2227640015,190.201337853
651,440,398.2,351.8,457.895,55.8766498638,73.8268243933,188.008424993
653,484,434.2,365.3,451.345,33.5290918457,84.7873811366,184.496131681
654,935,542.8,421.7,471.345,220.537298433,199.280957445,213.450552575
655,412,541.2,440.6,463.945,221.677017302,186.921373845,212.779667299
656,676,589.4,476.1,459.545,218.997260257,195.21011472,207.08194024
657,562,613.8,506.0,452.195,204.507212587,181.349876696,200.258313383
658,623,641.6,537.9,444.545,191.484464122,169.541505898,189.891751643
659,608,576.2,559.5,441.495,100.405179149,162.501452985,186.557470967
660,569,607.6,574.4,440.395,46.0575726673,154.944577905,185.692401213
661,592,590.8,590.1,465.2,25.6846257516,147.000718063,169.698370181
662,616,601.6,607.7,479.75,21.5708136147,137.245157777,169.520026763
663,640,605.0,623.3,494.3,26.5518360947,130.313340325,170.194037869
664,642,611.8,594.0,507.85,31.4197390187,72.6039484693,170.648075845
665,636,625.2,616.4,528.5,21.2414688758,35.0624839077,158.951995401
666,507,608.2,599.5,537.8,57.5082602762,42.9786768836,151.436142526
668,452,575.4,588.5,547.25,89.7039575493,63.0383481171,138.751149829
669,307,508.8,556.9,547.4,139.530283451,107.409341617,138.475686637
670,319,444.2,528.0,543.75,137.195845418,128.868580776,143.652678726
671,100,337.0,481.1,527.75,157.73236827,185.283836316,172.987031762
672,333,302.2,455.2,522.65,127.061795989,186.159310508,177.314847836
673,163,244.4,409.9,508.8,105.843280372,197.456296149,194.131154798
674,61.3,195.26,352.03,487.665,124.844254974,207.092969192,218.458552675
675,98.6,151.18,297.69,445.845,108.00542579,193.39174089,208.129940371
676,59.2,143.02,240.01,428.205,114.202329223,165.246378007,225.38491631
677,58.8,88.18,195.19,397.345,45.0892670156,144.230667489,231.832488244
678,98.9,75.36,159.88,374.19,21.3734180701,114.540044429,237.577114129
679,98.1,82.72,138.99,347.945,21.6556459151,103.216788578,237.637283259
680,74.9,77.98,114.58,321.29,19.8274304941,82.7504924457,236.82919428
681,92.3,84.6,113.81,297.455,17.3620275314,82.9368494699,234.564244314
682,227,118.24,103.21,279.205,61.5622286796,53.2820680696,224.421268518
683,118,122.06,98.71,254.305,60.6479430814,49.4325679869,212.391048168
684,166,135.64,109.18,230.605,61.5370863789,51.6660602115,192.612582185
685,208,162.26,120.12,208.905,57.3383641204,60.0750049706,166.502705763
686,290,201.8,143.2,191.605,64.7240295408,76.2322183274,134.735672903
687,489,254.2,186.22,190.705,145.668115935,127.475154878,132.560593791
688,473,325.2,223.63,191.755,149.159981228,151.61066402,134.803414274
689,440,380.0,257.82,198.405,124.312107214,158.54924787,143.770095987
690,396,417.6,289.93,202.255,79.7138632861,149.653021278,148.134211817
691,414,442.4,322.1,217.955,38.9653692399,136.443272706,153.276703606
692,365,417.6,335.9,219.555,41.2831684831,132.682955449,154.701221289
693,399,402.8,364.0,231.355,27.3806501019,109.06063553,159.098468268
694,302,375.2,377.6,243.39,44.6284662519,88.0898531173,154.597834464
695,487,393.4,405.5,262.81,67.7812658483,70.9134840649,159.761051508
697,196,349.8,396.1,269.65,108.874698622,91.2413770659,153.386184446
698,217,320.2,368.9,277.56,122.921519678,100.539047141,145.833727959
699,1008,442.0,422.4,323.015,336.571686272,226.068426219,213.292744898
700,467,475.0,425.1,341.46,327.376694345,226.462874073,208.720748723
701,443,466.2,429.8,359.865,327.564802749,226.279473218,200.026830503
702,350,497.0,423.4,372.75,302.053803154,227.676768932,189.929315107
703,336,520.8,420.5,378.2,278.224190178,228.685737786,187.069252586
704,356,390.4,416.2,390.1,60.0191636063,229.537602826,176.941828086
705,176,332.2,403.6,390.6,96.9185224815,239.734668146,176.288161229
706,300,303.6,384.9,395.2,74.5707717541,239.799661755,172.430794661
707,269,287.4,392.2,394.15,70.6668238992,234.461937209,173.167480538
708,69.2,234.04,377.42,373.16,112.90264833,250.821112881,186.030123197
709,74.1,177.66,284.03,353.215,107.00592507,138.786823342,195.88526791
710,223,187.06,259.63,342.365,108.871750239,123.670296892,196.832761701
711,70.7,141.2,222.4,326.1,97.057637515,118.255063317,205.4204597
712,131,113.6,200.5,311.95,66.4137410481,112.118211426,208.766665266
713,77.4,115.24,174.64,297.57,65.1321195724,107.10348267,214.739818336
714,98.5,120.12,148.89,282.545,62.1237233269,87.8860556504,217.760903347
715,69.4,89.4,138.23,270.915,26.0147073787,90.6537864626,222.819677566
716,91.3,93.52,117.36,251.13,23.8542868265,71.2119715279,220.174985672
717,60.7,79.46,96.53,244.365,15.4926756888,48.8956723829,224.003339437
718,154,94.78,105.01,241.215,36.5326839967,50.939887231,224.849770373
719,293,133.68,126.9,205.465,96.2416593789,76.7006736172,135.67611695
720,224,164.6,127.0,193.315,95.2567320456,76.8404118214,121.122535932
721,441,234.54,164.03,193.215,143.928308543,122.408306272,120.906176217
722,258,274.0,176.73,188.615,106.54341838,125.15795398,116.289141798
723,178,278.8,186.79,180.715,100.133411008,120.232990943,110.996032527
724,157,251.6,192.64,170.765,112.961497865,116.835042308,103.094179094
725,226,252.0,208.3,173.265,112.842811025,108.692369148,103.831413333
727,360,235.8,235.17,176.265,79.9449810807,109.762471324,108.44996069
728,282,240.6,257.3,176.915,82.2970230324,91.4610421011,109.072198566
729,299,264.8,271.8,188.405,76.9005851733,84.4929977375,109.231759768
730,142,261.8,256.7,191.8,82.2629928947,93.3155340171,106.513463444
731,70.8,230.76,241.38,184.19,119.844432495,110.308958033,109.560499509
732,61.4,171.04,203.42,183.725,113.57617708,98.6844781221,110.086004058
733,190,152.64,196.62,186.675,97.4073303196,96.8310992284,109.38705723
734,78.9,108.62,186.71,186.75,55.4082304356,103.770884913,109.308676884
735,81.5,96.52,179.16,185.9,52.8429465492,108.797469333,110.094313635
736,85.2,99.4,165.08,186.69,51.4651824052,111.147567575,109.267936743
737,174,121.92,146.48,190.825,55.1816726821,88.0720639275,107.009585773
738,178,119.52,136.08,196.69,51.626901902,75.5398614419,102.627065785
739,73.0,118.34,113.48,192.64,52.8405904585,51.2997682473,105.945047325
740,79.4,117.92,107.22,181.96,53.2136448667,51.2522910057,106.061706964
741,67.1,114.3,106.85,174.115,56.5095567139,51.5568779763,108.561698562
743,194,118.3,120.11,161.765,62.211976339,55.4718637389,88.8655298456
744,58.2,94.34,106.93,151.775,56.2557374852,52.6046692055,88.7080063734
745,78.4,95.42,106.88,146.795,55.7935659373,52.6345007259,89.9453721638
746,67.6,93.06,105.49,142.325,56.8795921223,53.5547165679,91.6174303974
747,56.4,90.92,102.61,133.845,58.2844061478,55.5059246087,91.3134305853
748,72.6,66.64,92.47,119.475,9.36525493512,50.0044897984,75.0086442387
749,63.6,67.72,81.03,108.555,8.41142080743,40.4329362443,65.3824173612
750,56.1,63.26,79.34,96.41,7.15038460502,41.1526480854,48.5335250382
751,78.5,65.44,79.25,93.235,9.92688269296,41.1534864191,47.459270904
752,73.6,68.88,79.9,93.375,8.94242696362,40.9912727839,47.3936912857
753,93.9,73.14,69.89,95.0,14.5025170229,12.0080944922,46.7930156732
754,95.1,79.44,73.58,90.255,16.0784949544,13.5829795455,41.120394159
755,67.7,81.76,72.51,89.695,12.2498163251,13.5825418992,41.3587447
756,65.0,79.06,72.25,88.87,14.4399792244,13.7112484236,41.6940245624
758,94.1,83.16,76.02,89.315,15.381742424,14.0477598056,41.7002874533
759,100,84.38,78.76,85.615,16.6372173154,15.8616378586,36.7839964487
760,76.0,80.56,80.0,80.515,15.7284137789,15.0064430607,29.6873581991
761,159,98.82,90.29,84.815,36.4343519223,27.1573378666,34.3963473428
762,116,109.02,94.04,86.645,31.38872409,27.9266181268,35.0603010615
763,99.9,110.18,96.67,88.285,30.801168809,27.0111931531,34.8645238934
764,92.7,108.72,96.55,83.22,31.567815889,27.02752712,24.5227198629
765,82.8,110.08,95.32,84.45,29.9086442354,27.3784505689,23.8082581869
766,106,99.48,99.15,85.83,12.6470154582,25.7136474789,24.2351875542
767,116,99.48,104.25,88.25,12.6470154582,23.1140289291,24.7304521422
768,105,100.5,105.34,90.68,12.8926335556,22.8375519217,23.8066244651
769,96.2,101.2,104.96,91.86,12.4507027914,22.9675229642,23.445443952
770,90.4,102.72,106.4,93.2,9.83117490434,21.3441118605,22.4917294741
771,207,122.92,111.2,100.745,47.9842890955,35.3134220627,32.4825212108
773,118,123.32,111.4,102.72,47.9204757906,35.3492731341,32.2588641429
774,94.6,121.24,110.87,103.77,49.125024173,35.5798335515,31.5961040237
775,103,122.6,111.9,104.225,48.3464579881,35.1417763416,31.5119004254
776,97.5,124.02,113.37,104.345,47.2562376835,34.0806901991,31.4798761952
777,93.6,101.34,112.13,105.64,10.0048988001,34.600258509,30.4075198456
779,107,99.14,111.23,107.74,5.71559270765,34.6054603912,28.8642630983
780,165,113.22,117.23,111.285,29.3954418235,38.398844022,31.347866124
781,102,113.02,117.81,111.385,29.4856236156,38.0884482342,31.3131429443
782,113,116.12,120.07,113.235,28.2342345389,36.9343576874,30.1852225086
783,87.5,114.9,108.12,109.66,29.5516497001,21.9931201364,28.6760931054
785,78.0,109.1,104.12,107.76,34.0007352862,23.5770038621,29.4814910713
786,95.7,95.24,104.23,107.55,13.401977466,23.5301721201,29.555291627
787,113,97.44,105.23,108.565,15.5239492398,23.684080448,29.3664376099
788,75.5,89.94,103.03,108.2,15.1819959162,25.4386866363,29.7464372037
789,97.5,91.94,103.42,107.775,15.4367418842,25.3076097471,29.8400979785
790,102,96.74,102.92,107.075,13.6459884215,25.2783965736,29.8011810963
791,99.5,97.5,96.37,106.8,13.6793640203,12.8223806075,29.8466783835
792,171,109.1,103.27,110.54,36.1859779473,26.9599723871,32.9714294184
793,95.3,113.06,101.5,110.785,32.4837343912,26.8309108637,32.8318086297
794,96.0,112.76,102.35,105.235,32.6697566566,26.4703293016,23.8700930477
795,145,121.36,109.05,106.585,34.7242422523,28.0541242759,25.3477970599
796,227,146.86,122.18,113.205,55.3484236451,46.0595218772,36.7690870591
797,144,141.46,125.28,115.255,53.6969086633,46.4148635197,37.309156136
798,154,153.2,133.13,118.08,47.0924622418,43.6139898555,38.0261765796
799,177,169.4,141.08,122.25,34.8324561293,43.643347463,39.734864712
800,217,183.8,152.58,127.75,37.0364685142,47.2073158172,44.8026843651
801,101,158.6,152.73,124.55,42.7235298167,47.0219345979,44.2846831071
803,164,162.6,152.03,127.65,41.9440102994,46.7711698949,44.7902303727
804,146,161.0,157.1,129.3,42.5029410747,42.4903910706,44.8299594374
805,149,155.4,162.4,132.375,41.7049157774,36.9690561296,43.9117041705
806,183,148.6,166.2,137.625,30.3858519709,36.9347773484,43.341676491
807,329,194.2,176.4,149.29,76.7704370184,61.5037487566,59.752453374
808,194,200.2,181.4,153.34,74.9713278527,60.6028968871,59.908143722
809,177,206.4,183.7,158.415,70.5180827873,59.8796014237,57.2052378445
810,321,240.8,198.1,169.59,77.1569828337,73.7886621824,65.8554949152
811,515,307.2,227.9,190.24,135.658394506,124.806917543,99.6343810877
812,243,290.0,242.1,197.415,137.640836963,116.570865428,97.9079711555
813,202,291.6,245.9,198.965,136.28572926,114.340087264,97.7129699682
814,364,329.0,267.7,212.4,121.870833262,113.958130713,101.122333417
815,255,315.8,278.3,220.35,126.44247704,106.367340435,97.6811542455
816,226,258.0,282.6,224.4,62.5099992001,102.899303529,96.0583156213
817,105,230.4,260.2,218.3,93.5483832036,115.309053321,99.6895708001
818,208,231.6,261.6,221.5,93.1305535257,114.49813196,98.1950261362
819,308,220.4,274.7,229.2,74.7883680795,111.189577849,98.6602890305
820,388,247.0,281.4,239.75,106.920531237,116.195429246,103.925517357
821,660,333.8,295.9,261.9,211.059707192,152.088753328,139.828805104
822,803,473.4,351.9,297.0,249.270535764,218.878682785,179.729328655
823,768,585.4,408.5,327.2,224.819483141,247.162676974,205.152215633
824,624,648.6,434.5,351.1,163.357889311,255.496140436,210.699811406
825,593,689.6,468.3,373.3,91.5385164835,251.436340518,211.673557009
826,641,685.8,509.8,396.2,93.4489165266,241.033792006,214.754351711
827,604,646.0,559.7,409.95,70.6505484763,195.21671718,218.987256298
828,628,618.0,601.7,431.65,19.2743352674,151.40750752,217.962641657
829,590,611.2,629.9,452.3,22.3763267763,111.675571784,212.050912457
830,529,598.4,644.0,462.7,43.6153642654,82.9457654133,210.366372138
833,542,578.6,632.2,464.05,41.8783953847,88.6162764081,210.805841076
834,557,569.2,607.6,479.75,39.9837466979,67.5823777162,205.091731723
835,530,549.6,583.8,496.15,25.2645997396,41.8138732958,194.556249477
836,463,524.2,567.7,501.1,36.0374804891,53.87238006,192.262950423
837,738,566.0,582.2,525.25,102.647454912,76.2886332002,190.045389315
838,759,609.4,594.0,551.9,131.720537503,93.5640006745,183.117994747
839,617,621.4,595.3,577.5,128.445708375,93.8083744189,150.179366443
840,547,624.8,587.2,594.45,125.615285694,94.1674631235,122.941353156
841,591,650.4,587.3,608.6,93.2780788824,94.1712978212,102.887470466
842,646,632.0,599.0,621.5,79.7746827007,93.3880791822,89.0112352459
843,619,604.0,606.7,619.45,37.3363094052,91.3175777165,88.5488119924
844,747,630.0,625.7,616.65,74.9599893276,99.2494612356,83.1607669391
845,686,657.8,641.3,612.55,60.9483387797,94.6913700163,77.1072219978
848,556,650.8,650.6,609.15,71.6149425749,78.3995464839,78.0689809686
849,704,662.4,647.2,614.7,75.2482557937,74.8447281599,80.7596173188
850,700,678.6,641.3,617.65,72.2274186165,66.962759136,82.8221143873
851,659,661.0,645.5,620.4,61.2862137842,66.5853670945,83.2569895912
852,711,666.0,661.9,624.55,64.7572389776,59.442689486,85.6888342539
853,666,688.0,669.4,628.35,23.7381549409,53.9839482315,85.7611585497
854,677,682.6,672.5,635.75,22.210357944,53.3775858078,83.080731188
855,696,681.8,680.2,643.45,21.4872054954,50.2655172282,81.0461044877
